Transcript Number,Category Word,Probability
1,Sociology,0.6873066875817411
2,Health care,0.865846374091071
3,Product design,0.9964127599019682
4,Wind energy,0.6378919271236304
5,Farming,0.9967933993327912
